user_id,prod_id,prod_name,prod_count
mulsz,27339,milk,20
ndfgj,89512,rubber band,23
ghkju,80111,outlet,17
ycfgl,61582,hair brush,13
vcweu,90783,twister,16
crnsp,67105,blouse,10
ignnd,26167,milk,11
rnvcc,93934,charger,19
wdfuw,21794,buckel,20
tarfv,38287,rubber band,14
abmwh,20904,street lights,16
lmmnh,99666,desk,14
eblub,57774,bread,22
cdsjy,94533,hair brush,25
subrw,92486,leg warmers,17
linqw,47730,charger,19
sjiww,29619,leg warmers,21
gfcqv,31776,sponge,20
zyeet,84639,puddle,17
cfdbl,74590,bread,17
dwqoa,03633,seat belt,21
zoiye,95055,desk,23
kjlsv,88800,bag,20
jxqcx,13295,clock,18
imygo,43677,monitor,20
ubjhw,30948,drill press,23
xtxdw,65163,grid paper,18
wyuvg,24681,hanger,10
naioa,91574,flag,13
doxfd,30398,soda can,10
nqejh,47127,leg warmers,24
qereb,54522,thermometer,18
gzohv,62043,bookmark,25
kcssx,61504,bookmark,20
gzcih,76256,chocolate,22
gmtfc,33737,eraser,25
mqowp,96519,eye liner,19
umeru,08921,bowl,23
qxtrx,97517,soda can,15
kkglr,80253,chalk,22
uoxrn,91052,doll,10
brbpb,77354,bowl,12
mqexx,72580,soda can,11
oqbbs,61287,desk,14
cpxzq,91717,balloon,25
cghml,90687,newspaper,14
btjnj,99408,cinder block,23
twpma,43710,drawer,22
kgggw,46870,chocolate,24
ryzsm,43469,sticky note,22
jqizq,80534,book,23
apvwt,39451,bread,17
izwao,87742,socks,14
vpdcf,15604,coasters,13
mhcpw,04566,pillow,13
tcjfv,65802,perfume,15
zxeek,71925,button,16
lhlvi,72249,sketch pad,11
kllqz,38497,clothes,19
bjykq,10164,scotch tape,11
fqlnk,76761,fridge,22
dchtv,20385,chair,25
cuqkk,38455,tire swing,24
lzxeh,24204,scotch tape,16
lteco,76745,flag,15
cpfhh,91482,hanger,17
rjihj,47829,vase,22
exdlz,70585,controller,13
yuzpb,35537,pillow,16
eqndq,89517,rusty nail,20
pxaxh,88903,key chain,18
otkxh,12990,hair brush,11
siomy,05694,soda can,12
jidoe,09971,bed,13
bnqif,85043,piano,13
zcrqw,16002,house,21
qnmhi,72819,bracelet,19
arhmb,89815,milk,23
tqvck,34217,floor,16
bftke,62220,rubber band,10
bwnbv,27168,controller,18
ayimz,40617,cinder block,21
qvdaw,72805,soda can,11
lbruh,17318,lotion,15
ullpi,39081,screw,14
zepqo,78893,soap,16
fzhpx,53408,blanket,12
jgdji,88315,bookmark,13
zwret,04276,tooth picks,17
ikyvu,82813,controller,20
mofnt,62927,glasses,14
fmldx,29839,picture frame,18
pohtb,67313,beef,11
fzebn,44007,ring,11
asnhk,73527,hanger,14
hatgj,78612,vase,23
zrkdy,99833,thermometer,12
phboj,79553,balloon,18
ownmu,80469,sticky note,25
wagtq,88691,milk,10
upoeb,48295,spoon,14
bvxsd,92549,newspaper,24
aakby,44801,lotion,13
kxujg,92111,spoon,20
lvrmy,07012,pillow,14
tifmg,53682,shirt,20
omzac,81920,pillow,24
kxjvy,06052,book,21
uupar,29530,nail clippers,11
hppdc,24366,bread,20
hrwob,68710,pillow,15
ebpwq,39988,pencil,24
oulfa,99176,video games,20
celib,78050,bread,12
ylwgm,50801,screw,20
tauxp,24962,twister,16
qwuiw,51167,doll,11
dpdht,10817,toe ring,22
rlsux,92031,ice cube tray,24
kkfxi,58567,perfume,16
xahkd,72473,charger,17
aspxf,09927,perfume,10
vmygj,95867,lotion,14
pcaql,59234,toothpaste,24
ocnlq,64105,toothpaste,20
tsgvl,44336,bread,24
ywasj,34475,leg warmers,11
twqce,85972,shampoo,11
mswbk,89223,milk,12
bneso,51104,button,12
uugix,72441,window,13
xgidk,10758,bag,10
sahvi,03771,glasses,24
vsuul,19417,twister,20
yzact,44964,lotion,11
fxcit,38789,buckel,21
ryghl,24087,perfume,16
zgjpu,59739,bed,19
xlcov,26394,book,11
kscpa,71207,remote,19
yfyby,90524,toe ring,12
htalw,19247,vase,20
afkmg,47636,hair brush,11
nqeau,33368,sun glasses,21
uwkut,64503,clock,17
fqval,10657,conditioner,14
qlsxc,92558,video games,10
cqjme,52727,doll,23
tigim,39929,box,10
wypeo,39534,scotch tape,12
oyuep,77330,sketch pad,11
sdjui,85000,bowl,10
dvuok,07935,rusty nail,10
aproy,35379,glass,25
anzzq,55523,soap,25
ztrix,50393,leg warmers,10
pwwkf,78845,rusty nail,10
zseff,05416,wallet,20
lnjrj,76843,screw,19
ysalh,51561,plastic fork,12
tckff,52809,fork,21
fhwut,56732,eraser,23
ryoal,95136,box,22
eueeq,57104,plastic fork,19
ynhpi,14393,pillow,10
qbrnb,76859,playing card,21
gpvkz,36630,pencil,17
fxwet,24296,perfume,22
zswha,07989,lotion,15
nksiy,71187,hanger,17
xxocq,89174,tissue box,21
dfnth,05070,plastic fork,24
xybfj,99037,tooth picks,13
rirkv,73483,bag,11
qczwz,77088,twister,13
smzwa,98141,beef,20
xjfls,83040,toe ring,14
brhnl,63287,newspaper,21
xpxjm,40708,clock,21
rqbjm,27788,drill press,12
ncbvu,45046,bottle cap,14
dzfiw,52110,bookmark,20
vzsqk,68248,newspaper,18
nsowt,77376,magnet,20
ynqbh,57540,video games,20
mqaem,89153,piano,10
zkvbz,43375,video games,10
vfomi,42653,cup,14
xuwoe,80357,magnet,24
tfjpb,91814,glass,11
lqwkm,93795,clay pot,11
qcjtw,04074,couch,19
liqhh,37889,nail clippers,24
ogoye,75765,needle,18
gwear,98366,toe ring,19
ncyoh,13119,magnet,16
nqpyg,89293,shampoo,17
jumlf,98183,controller,12
yvsef,75474,balloon,13
wpbvq,60442,chalk,18
lztib,25352,newspaper,18
aluke,27736,tire swing,12
wvmhe,54007,ice cube tray,22
ywteb,06111,bowl,12
lttwf,99049,monitor,24
ubere,52985,floor,21
vmnuh,89598,eye liner,18
kaesg,46473,chalk,25
fxgls,23252,tooth picks,16
ljkxv,73939,fake flowers,13
idnla,12563,spoon,20
hyfao,63225,charger,15
cxzzx,37315,remote,16
kesxj,33830,fork,15
lmwtl,06247,soda can,22
thfhw,27246,bookmark,22
adgqb,15684,bookmark,18
qxtnk,57598,twister,13
pgmwi,57870,tissue box,14
ahckb,54249,nail clippers,20
pmnwk,33873,newspaper,10
pvcyb,22330,socks,22
ojbmw,09440,flag,23
cqcjb,98320,sandal,15
arfbt,43813,shirt,17
nzvyy,55276,grid paper,20
kwusa,06207,chair,18
jqfdr,29662,remote,23
gmqzk,77227,sun glasses,16
snawk,85163,outlet,25
rgmfn,55226,bracelet,12
ummst,67438,beef,12
vyuzt,64086,drawer,25
bjyci,22516,floor,17
cvqii,28126,milk,10
mgpfi,14220,toe ring,13
rygqf,36734,box,18
qubqe,50727,floor,22
ticak,09717,controller,25
lcasq,14669,conditioner,19
rimtc,61089,lotion,21
dzube,53893,drawer,18
dqrkf,53641,puddle,23
oflne,02339,monitor,22
udhjj,44812,sun glasses,21
jxfsd,15347,sun glasses,25
pyvzp,53169,fake flowers,18
dfyuc,24421,shampoo,10
aigyc,14267,bottle cap,20
rfaik,39174,monitor,17
dqhxb,55980,shirt,22
jznwz,40215,bread,23
lwxcj,21828,newspaper,18
yiwxn,02513,doll,25
twqzf,70086,model car,24
fgxvv,74364,box,10
tdhao,11933,tooth picks,18
qlqbt,87989,bracelet,20
uzabi,42762,box,11
drlyv,73004,pillow,11
souzb,74871,floor,16
nabbb,26007,box,21
velah,73236,chair,15
jxyzi,78870,milk,22
ovlny,44930,drill press,15
fqkme,79271,sun glasses,20
jzxdd,54956,couch,25
auldt,02051,plastic fork,13
gskxw,52815,sponge,24
bscqi,42562,monitor,11
rjzpg,38835,model car,14
twyhm,67527,spoon,11
hnomi,66717,tire swing,23
dprab,09071,sun glasses,17
ffjbw,00083,outlet,25
lhwip,85595,bowl,11
mdkif,07693,sponge,14
liafy,76793,playing card,22
lyyyb,88035,milk,25
wgund,28355,bracelet,22
tgbpl,01005,shirt,22
jxocw,05571,flag,25
zfmho,12813,conditioner,10
ietyw,78243,controller,14
sorpx,90216,charger,13
xgboh,77650,newspaper,20
pvbbf,34318,flag,19
qputr,84643,magnet,23
wredt,89163,soda can,19
aovfl,42476,book,13
bfonk,12877,twister,24
pheia,93127,fork,24
aovdj,14273,controller,25
wyhhq,99371,water bottle,16
hjhha,22884,toe ring,11
nfsad,79666,eye liner,16
fihxk,98302,scotch tape,25
jzdxo,21242,chalk,21
titmm,14475,sponge,11
cktuj,10913,chalk,12
ahjgs,81412,perfume,25
sbjkz,65135,perfume,25
kmokz,08176,grid paper,17
ykhrv,71654,key chain,15
rsxbq,40823,bowl,19
eohqr,87348,sticky note,21
azgwd,13678,socks,20
qnreg,48450,picture frame,17
kykat,30466,lotion,16
tmfuw,61856,picture frame,16
wsnya,34176,drill press,16
ziwwl,48778,piano,21
fdiah,86818,mouse pad,19
lkbtl,60058,sponge,19
pizki,34219,bag,13
ymnrm,50751,box,10
xaupw,37924,soap,22
oqubt,87348,soap,18
kjbfa,45366,leg warmers,13
lfmjn,99915,hanger,20
pvnqw,96723,soap,19
kuygv,13382,house,18
irrpl,70835,sticky note,10
njpot,83096,piano,18
uaqfp,53837,grid paper,23
toqwc,98878,fridge,10
jxogp,17661,fake flowers,24
vldzi,50062,window,21
pvvpy,16869,sketch pad,21
waimb,47998,fridge,11
xtako,86312,grid paper,17
awssk,07748,needle,21
yehvw,50673,bowl,23
alpfo,44384,beef,18
rgfso,24004,piano,21
tbwih,38039,desk,22
ncfnt,14851,tooth picks,18
yufob,47681,hanger,17
dklps,29679,pillow,10
phpjr,47519,nail clippers,25
przlc,96472,cinder block,14
cdwtu,42646,bookmark,16
hvqmh,86825,hanger,20
ttsku,00950,button,23
dsbfj,01014,video games,15
bayye,99132,drill press,21
lnmkq,31944,face wash,12
yzbxg,96864,rusty nail,21
bwhby,65842,mouse pad,22
kvxxb,65098,buckel,24
spavr,42852,sponge,14
ekxyg,87883,drawer,20
lcbbk,97597,balloon,18
dvwft,07630,box,22
bfkfz,27828,sketch pad,16
zjvxh,34302,spoon,14
dbgrx,47525,sticky note,22
cxdkm,03451,nail clippers,11
vtagv,92739,floor,19
jdtum,59260,flag,14
rmwvf,21413,tissue box,23
quclq,63542,bottle cap,16
yertc,94798,bottle cap,16
ngpuw,01113,bed,12
hhfvt,58406,leg warmers,25
dcjza,63681,button,24
flsxc,60135,beef,17
lriew,99279,conditioner,13
aiwxk,70241,glasses,11
uxmqt,56487,doll,16
niohw,10968,seat belt,18
umnkp,78989,pillow,20
sxycy,72246,beef,23
sncdq,98680,pillow,22
zzrtg,83268,toe ring,23
spunk,38928,model car,23
duorv,67785,tire swing,25
wiebh,11027,conditioner,22
mhqpm,79986,eye liner,11
odshk,03751,cinder block,19
xvnda,49841,house,23
lsqvg,10537,sandal,24
cleht,05092,cup,18
odskp,74662,leg warmers,22
brvah,46711,cup,25
yjciw,30446,sandal,12
exker,59737,vase,24
bewkt,41899,thermometer,10
iorum,55602,drill press,12
brudw,82702,drawer,22
pbwnm,77211,buckel,13
esunm,75774,house,19
biyfv,46909,eye liner,23
fwban,64162,floor,16
zdhcc,78601,playing card,13
hjpsd,66078,pencil,12
qnazp,22103,balloon,13
bvlcn,15127,cup,10
rnzfl,79513,vase,14
hyvrn,61987,socks,23
pedww,78514,beef,16
hktzj,59768,sketch pad,12
psjgi,10857,desk,21
ireee,23692,chair,24
kwqnn,49402,soda can,21
gnroq,73601,needle,18
fcpqk,45071,screw,23
gvkjr,43816,cup,15
htdpa,11846,house,24
xncwd,80252,box,11
sudqi,12310,blouse,23
pbuhh,77735,chocolate,25
lznkc,38961,clothes,25
lbtvj,74340,bookmark,25
cbjnr,09092,mouse pad,11
wzsbz,10709,cinder block,23
wacpp,01280,sketch pad,19
rquah,77708,book,23
zcteo,02462,video games,21
dshdl,06060,water bottle,20
abuhj,53574,house,13
bfuaj,50099,conditioner,18
cehls,15713,sketch pad,22
vveya,98628,sun glasses,13
itihj,33112,outlet,11
itziu,05026,milk,17
kufqi,26375,hair brush,24
dnxds,88248,cup,12
crflp,88073,wallet,10
mvsar,75509,plastic fork,21
tgmyg,06020,toothpaste,23
wtamc,82521,desk,19
zfoft,41652,pencil,10
gwgpz,93236,glasses,11
zedei,47179,hanger,23
qajym,18310,tissue box,17
ibuui,89604,remote,16
lchtp,87281,glasses,19
uqahr,35431,sponge,20
zkght,59460,sun glasses,24
lxqav,08068,mouse pad,22
hcxts,75436,milk,10
jhbhb,96768,drawer,14
gzjco,75484,controller,10
kpefm,13635,rusty nail,18
edwsc,11391,charger,20
rqvwz,16528,doll,10
shfao,64510,ice cube tray,11
xunmw,89033,leg warmers,13
topqs,88541,tooth picks,25
aeqrq,04213,couch,11
ocpfc,83339,drawer,22
dxiye,21559,bed,19
ekejr,16052,ice cube tray,24
nxpkl,95168,clock,25
mdicq,39779,glass,21
mwvft,05780,vase,20
glgdh,95398,sun glasses,19
ugiao,02300,chair,15
bmbal,22313,mouse pad,17
bnytu,77322,grid paper,10
fbvab,10906,fake flowers,15
samdx,22120,drill press,23
tqrtt,30812,house,19
pachm,17838,chocolate,16
ksxsn,14754,spoon,12
aozqf,74478,water bottle,16
cxblp,63714,outlet,23
defnu,05200,bread,20
wzuyr,56592,bottle cap,12
vljby,04344,puddle,16
pwids,74112,outlet,21
oyxhm,86707,pencil,14
ooeov,54477,rusty nail,23
nzhqx,93083,grid paper,16
yxsby,48037,tissue box,25
kzllj,36855,soda can,18
rccxp,39220,shampoo,18
lykyx,55761,hair brush,14
cwazj,28824,sponge,18
hykzx,40358,beef,13
dqfvv,86187,clay pot,20
fdizv,49780,clock,10
ajdae,55108,piano,18
rvewr,47568,socks,22
mprtx,71241,rusty nail,14
odbxi,31173,scotch tape,14
pgmhi,97307,water bottle,11
pagro,93947,scotch tape,19
fratk,59246,video games,12
uqxcs,02009,window,25
oyxkk,67445,twister,11
byufu,25355,couch,24
dctga,12830,doll,15
odgtd,25868,button,12
irmdm,64689,bowl,23
lxxnc,84898,thermometer,17
jvjmn,74862,glass,17
mgslx,94187,water bottle,21
gfzho,75798,key chain,19
nhjxb,94823,spoon,19
gcrgk,54920,eraser,23
upmqf,93037,ice cube tray,25
uckkx,62154,toothpaste,14
vtzuv,87250,ice cube tray,16
gyecu,48076,chair,14
qmokv,75182,eye liner,11
hatde,75916,video games,13
dobjm,80913,screw,25
gwmuz,42514,key chain,24
msyob,72890,socks,18
manpl,73002,wallet,19
cqhwl,32609,pencil,23
amwbx,50802,grid paper,24
eajit,68747,shampoo,14
fyfnc,74629,pillow,16
etpcw,02894,drill press,21
msfre,27610,sponge,18
lxuvi,66239,face wash,10
adajg,47746,chair,22
rwfjc,94600,eye liner,22
khagr,51650,box,11
nqguv,95429,remote,10
nwrpx,00417,couch,17
rooyr,69665,drawer,15
iaylz,00344,box,18
gwziq,06305,bookmark,24
ldiym,44772,mouse pad,15
hqyii,03976,beef,18
utauq,37079,window,25
ndvhp,37599,sponge,13
goxgq,30664,box,24
wsepm,06589,bowl,17
jrbch,00248,nail clippers,25
mjuip,66120,house,13
mzajq,09741,cup,13
rzufv,60415,piano,11
uctfo,63291,drawer,20
vwhox,56093,glass,10
bmmug,91665,beef,14
znnnf,92485,pillow,25
mkfuf,86957,fork,20
pzgnb,13705,balloon,18
hyypo,87459,ice cube tray,18
qnfsl,16847,flag,14
oylvg,25877,house,12
dlldv,35090,hair brush,17
amwsz,01178,spoon,12
deovf,21095,cinder block,19
qnowy,10227,bananas,24
lkrbm,61706,chair,18
jzhhi,92650,pillow,11
xopvv,71238,lotion,25
doyxo,50153,hanger,15
nfzkb,96779,eye liner,12
jwbbx,78249,conditioner,23
uydzb,14107,nail clippers,20
cxytw,35459,window,10
coaju,32617,remote,20
zyzas,87766,thermometer,22
rlarx,54564,magnet,14
hxppq,07210,face wash,15
rwsfw,89024,mouse pad,15
fpdxq,96085,soap,16
fhrut,00521,drill press,10
tyupr,10529,clothes,18
rfats,76778,chocolate,10
popua,77209,plastic fork,25
cxcxt,64165,bag,18
mhlpp,65341,window,25
hwtmt,62991,puddle,22
peeyc,69496,pencil,25
paaxt,33910,book,24
vwmcf,56746,glass,16
kteeq,65466,nail clippers,12
oqncc,14284,hanger,15
gnvrr,30603,bottle cap,24
lpwhd,58426,tissue box,15
rpobt,44396,video games,11
kkhix,77931,tire swing,22
amxan,24570,clothes,20
oiuqx,67679,bracelet,11
vtzna,15299,hair brush,24
qmsic,31152,doll,23
hrikc,98083,blouse,18
byhjw,31693,flag,12
iwuya,35219,twister,12
yyacu,85976,bottle cap,20
lejku,36697,water bottle,24
jhebu,04200,soda can,16
pwjds,57714,clothes,23
ehywt,42078,shirt,13
ldrpy,72963,twister,17
atvrf,78935,pencil,12
ambzo,52218,tissue box,23
gtwnb,47610,beef,16
ionbz,65106,rusty nail,10
tcfgv,91093,controller,11
ejpmd,52963,playing card,25
ckavi,84991,chocolate,19
tfstt,97460,glasses,14
vagyu,30360,balloon,13
ilozh,26911,coasters,22
zudvj,01399,bowl,14
ebodo,05323,socks,21
pfuet,01986,book,13
hopxs,67697,face wash,15
pviav,57924,bag,17
nrlxu,49633,desk,19
ojaom,99665,bed,17
eyvjm,15717,spoon,17
cqcnc,56704,chair,18
wbbfx,43376,water bottle,21
hvnqw,14876,picture frame,13
orvds,06954,soap,19
cwqox,62901,ring,11
rddqr,01048,window,25
rjqyq,72417,wallet,13
fpkxm,78045,fork,16
hemor,30459,washing machine,19
crptr,65782,shirt,25
faetm,12723,soap,19
rvywy,71802,sun glasses,18
mpbdb,67583,pencil,18
eehgn,01152,couch,17
ckbri,09818,drawer,21
iutor,38077,doll,19
ayhcv,48586,needle,14
okrub,07789,newspaper,19
okytt,56903,street lights,14
bjguh,43634,piano,14
lwbtd,04412,flag,11
rxife,55301,charger,20
brccv,48184,key chain,19
tqesf,67555,fridge,19
obddv,83498,bottle cap,22
lerkt,70420,scotch tape,13
ruaww,13863,box,21
ebzoj,79804,chair,22
daayh,60871,floor,24
wuyow,28007,bananas,13
ykiez,35214,hair brush,10
abnzp,48644,monitor,24
zpita,80918,desk,20
yzmto,18842,bread,21
nfomt,24804,clay pot,25
aswki,38109,thermometer,18
dldtj,72059,needle,21
wqmaz,03321,bookmark,18
ioolh,15464,pillow,14
xdzoc,31219,pillow,24
imwnp,42372,eye liner,22
xjtdn,81726,desk,13
eszil,58038,blanket,14
lwqxq,41019,coasters,20
rjwkt,66944,newspaper,10
fvqhp,95194,flag,18
dkfro,04191,leg warmers,21
ycrtd,73088,clock,17
fcecu,32740,seat belt,14
nefou,93666,couch,18
jcjyf,87930,monitor,22
ckdaq,68937,needle,20
hdgrp,80823,sandal,18
txzyk,49589,clay pot,18
ycgyc,01967,lotion,11
hbxju,18933,ring,19
wkbui,96334,washing machine,14
ihmxb,66994,charger,14
domlc,40543,screw,18
lbcvz,77398,drill press,11
wbftb,29714,tooth picks,11
kveqq,57383,cup,10
zvvuz,70135,chocolate,18
opgqb,50093,shirt,20
mydbi,93573,bracelet,22
axrio,61635,floor,25
ihdfe,21880,plastic fork,15
qkobh,29192,fake flowers,12
vuxqj,23562,rubber band,11
zqapu,03785,soda can,16
iupmm,21956,outlet,19
azjyv,94273,house,12
lgfmx,68796,chocolate,19
lrbck,28938,drawer,16
tuuec,15058,controller,17
nzwgu,38539,bottle cap,18
enknb,24442,plastic fork,16
gnlhc,92176,fork,21
smozk,94446,piano,22
xzzog,02589,blanket,13
vmixf,21422,lotion,12
fyzjg,48883,flag,24
vogtg,23514,house,20
jxxvm,41474,box,18
revnb,31417,button,24
ioxdz,92437,conditioner,14
heqxw,35808,sun glasses,15
rsatn,29340,bananas,14
aimpc,08041,button,23
qzrml,86277,socks,14
qrblm,76603,shirt,22
knsyf,52790,blanket,18
ynaao,25147,sticky note,15
korql,05466,pencil,11
blipb,81854,toe ring,25
yltzb,07071,clay pot,24
ftfkp,36973,glasses,13
yygry,33929,chalk,14
bdkmb,14484,blanket,12
srxpx,80119,beef,17
gpijn,39852,screw,15
atkfs,04872,couch,17
hlzbl,25849,book,19
tbjez,99389,milk,21
mwxva,21869,fork,22
diqjk,86994,nail clippers,12
oqeys,50472,eye liner,22
rwnlk,73029,fork,17
nfzbg,74854,playing card,24
nuzpc,55664,clothes,18
bfgsi,88214,glasses,16
pddib,21622,chair,20
hkrmc,99268,needle,16
equrj,68570,twister,20
nttza,96213,grid paper,23
ciyqn,94251,desk,13
pdlaw,58780,glass,14
hwrtc,61300,bed,11
zgjxl,64472,sponge,16
bldng,09875,controller,25
lnsmy,42672,controller,12
djujm,87536,bread,18
basvx,77438,cup,11
zzayz,66312,chalk,14
oynxf,78124,outlet,25
ilwex,15836,pencil,12
rbdwe,41841,house,22
rqiql,38245,monitor,18
lfoku,15616,balloon,14
cyxen,27570,rubber band,25
abdeo,62670,sun glasses,23
vtlrg,21863,model car,15
uyqyc,26308,newspaper,13
camfy,95518,piano,25
xhtjy,67744,drill press,10
rjllk,13163,balloon,13
inrwd,68327,bed,12
nbfqu,67694,ice cube tray,19
xreiu,27663,bracelet,22
vbwnq,33636,conditioner,14
flgwo,27669,balloon,21
kelgw,48434,key chain,12
jnzsy,03776,key chain,17
faxcb,05643,street lights,22
tghdi,85235,window,23
srwna,75078,sticky note,11
egqxr,10930,rubber band,21
ibwlp,10249,vase,15
dhxbo,52991,house,23
qvotf,38376,drawer,25
fyzwb,15121,eye liner,23
gxmfq,88154,house,14
lqptc,60803,controller,24
yyxhk,94727,box,13
oipiw,25484,eraser,22
obmhc,72100,bracelet,22
oyumy,69753,drawer,13
hhkyi,50845,twister,13
yjmot,35679,coasters,12
yrrjr,14327,toe ring,11
dwujc,58512,conditioner,23
gpvqz,67370,bookmark,20
gpyyn,97078,coasters,13
llpww,01913,window,21
qfubz,42014,drill press,23
lpmlx,06666,eye liner,10
gjxys,89630,bed,21
cjenj,84501,drill press,21
mqujs,19955,playing card,15
ytxac,25077,window,21
ialxb,68926,street lights,21
wqlst,46385,sketch pad,10
puvmz,03266,drill press,11
xpzgw,58142,window,19
vzgwz,70766,cinder block,11
kmwbm,74524,box,17
heysi,83203,magnet,21
khsmn,20086,couch,11
bbkpi,99862,face wash,11
sdxas,35130,twister,10
hfmzr,84395,seat belt,12
eekut,59283,mouse pad,14
awafu,32444,eye liner,22
ikpzr,03229,playing card,15
yyfdi,90226,milk,18
jyojb,71737,lotion,23
tdwgb,64852,soap,10
dcnyg,00788,socks,18
rrbgv,01621,book,18
pgwlw,74176,bracelet,17
iztcf,66021,mouse pad,10
yzwcs,38748,eye liner,15
buypy,19690,tire swing,13
ftwib,18876,bookmark,12
ysiew,81451,cinder block,25
flnsc,95911,shirt,18
chpxs,29489,tissue box,16
hlccw,27527,sandal,23
cvhqu,09177,window,13
zzxog,38750,video games,14
zkymd,32821,tire swing,25
yjlwh,94387,coasters,24
uhsne,12758,socks,18
vvrna,64839,bowl,20
jugbn,00772,desk,24
olumj,65388,window,14
yduep,62283,ring,11
zeapw,67995,mouse pad,23
rsuwj,18802,soap,12
babyc,61570,bananas,23
ugmly,59637,nail clippers,14
aqffj,30811,puddle,18
ppywm,27176,sticky note,14
kwklj,74756,flag,15
jpqhq,17670,shirt,23
kqxrq,96745,cinder block,22
eudlh,85851,video games,22
vhfsz,48170,key chain,11
hidxn,34260,perfume,24
nhbaj,20488,remote,12
xwlmw,25595,bookmark,22
ztsuf,09479,bag,16
wgzpa,50636,sandal,12
bkpuy,45818,glass,19
xwzvl,99360,eye liner,25
nkmkm,14775,chocolate,19
tetvj,65181,bananas,23
gzcjz,87588,drill press,11
qgnwu,94709,floor,11
awtce,23145,sun glasses,14
qigtv,79525,bananas,13
yrllj,02714,ice cube tray,10
sxfki,59581,tooth picks,24
wswvx,11604,street lights,15
gzzxp,39605,milk,23
ketlj,51049,perfume,11
xyndc,10642,needle,25
jayyf,88921,button,21
dljib,71309,grid paper,25
kayzj,13987,pillow,20
kjxnp,62680,plastic fork,14
twhud,51237,perfume,12
tiylj,74483,drill press,13
btfei,85495,button,11
qknpy,30395,chair,15
apyiu,73564,bed,25
nvunk,73285,spoon,12
vuojf,94466,sketch pad,13
phzrg,07467,sketch pad,23
lfsji,46981,clock,24
yojbt,45457,doll,14
ftlbs,78403,tooth picks,21
avjpj,21289,balloon,14
msmzw,07879,book,22
giowo,03384,pencil,16
smusw,99683,cup,25
xurwg,07495,blouse,10
tthxu,10653,plastic fork,10
uuquk,24449,window,10
ofsuf,67459,shirt,10
uczoe,25513,soap,23
pdjnx,77184,grid paper,14
locdl,61041,magnet,21
zcbyk,80542,sketch pad,13
yinws,45104,tire swing,13
jdcnf,91154,bed,12
swcyu,55870,twister,10
rqhix,52299,charger,18
imeuq,82013,chair,14
sfeft,00473,cinder block,22
hpuxy,45444,puddle,22
abgxv,06462,plastic fork,22
sanzr,96203,button,10
vsudb,87928,soda can,15
vbmab,02047,fridge,12
wnvqc,41283,playing card,18
wkxrz,83774,plastic fork,25
fzsnq,87823,cinder block,11
vohyi,91047,charger,17
ihysn,15869,seat belt,11
csnqm,03743,bed,14
jqwvp,27163,soap,16
kuodz,38125,needle,19
brhho,67237,mouse pad,19
snycj,53954,street lights,14
kkzol,71704,hanger,12
ezjfd,50528,mouse pad,22
uuyof,13125,magnet,10
fltpj,73030,newspaper,15
frkue,49346,eraser,21
kwxpv,36912,seat belt,11
somrs,95245,window,12
uguho,58039,fork,22
ubhwn,16409,milk,15
uqfkk,52900,cinder block,10
krnvm,09141,eraser,10
vthiq,73995,tooth picks,20
penye,01626,house,11
adtpm,94000,blanket,15
fvonu,04773,balloon,21
cmzqx,53636,hanger,15
tjbfy,61012,twister,21
dexcz,24549,nail clippers,16
mwraj,18920,playing card,24
siinx,65222,monitor,24
kusua,20874,sketch pad,25
wkxat,46733,floor,20
uchtu,94223,glasses,17
uhzsw,39430,glass,19
nbecz,27455,coasters,20
mcbye,34749,cup,19
vvtrf,47268,street lights,12
gatyr,52769,toothpaste,15
gzkjv,15654,chalk,10
vnvdi,81393,fridge,10
kglkx,65273,sun glasses,11
uodin,64533,beef,10
jmrbg,59347,clock,14
ohceg,87427,coasters,17
frzgt,15495,sketch pad,22
ltxpm,81051,rusty nail,14
lfrqx,61941,glass,11
etytf,02786,bottle cap,13
deveb,51847,bananas,19
csrxj,67645,soap,24
uubcm,74358,toothpaste,17
ibjfe,66733,mouse pad,11
bzfug,90505,soap,18
prmjg,18467,rubber band,18
zjoat,08991,grid paper,13
cbdxh,03192,vase,16
dusjj,15800,bag,18
sfsck,48182,box,25
cscas,23902,sponge,20
bjeeg,32872,bananas,24
foiyb,31937,playing card,18
ybmvr,38755,balloon,11
qmpnt,70348,tooth picks,24
nikvy,29529,charger,21
ysbww,44638,eraser,24
owais,58555,face wash,24
ohlyk,14737,rusty nail,24
jkacn,75366,puddle,10
zftya,81520,fridge,21
oldfa,50045,bag,14
zrsnz,18994,sponge,15
ptaoi,57353,window,21
kgplg,08388,milk,11
wsdug,91922,wallet,11
kexok,03070,glass,21
rqtpg,09009,magnet,17
lzdow,85119,magnet,20
vzaxi,48428,socks,11
fwvqj,63090,monitor,18
lwgwt,43916,chair,18
wghky,41208,water bottle,10
qquxk,54280,balloon,21
wsttl,29623,chair,13
zakxw,19354,eye liner,23
sxewl,90192,chair,25
gdrvx,03764,sun glasses,23
kfast,85982,nail clippers,14
thuob,06189,screw,18
clyrl,89029,chalk,21
rpdkj,64337,screw,15
okyzn,93723,needle,24
awwzf,54327,ice cube tray,19
zctsn,70315,hanger,18
ztcyt,63945,floor,25
ozlmw,88148,picture frame,19
duclc,18594,bowl,21
icpgs,53668,key chain,10
tvfzn,81597,grid paper,24
kkphk,16049,toothpaste,19
bxhir,15411,screw,13
pcagq,20095,wallet,19
vhhhj,89914,washing machine,12
yzwvy,27972,puddle,13
ozuey,06175,drill press,18
taopu,64286,clock,12
hjwnl,02864,conditioner,23
xfmyd,13648,soda can,24
latcb,94408,fake flowers,21
yqxgm,16940,fork,16
iupet,69685,eraser,17
adtiy,64512,blouse,20
hczlb,64623,glasses,14
iqjja,81499,eye liner,18
flohy,51444,shampoo,19
